{
  "name": "pouchdb",
  "version": "2.2.2",
  "description": "PouchDB is a pocket-sized database.",
  "repo": "daleharvey/pouchdb",
  "keywords": [
    "db",
    "couchdb",
    "pouchdb"
  ],
  "dependencies": {},
  "development": {},
  "license": "Apache",
  "main": "dist/pouchdb-nightly.js",
  "scripts": [
    "dist/pouchdb-nightly.js"
  ],
  "homepage": "https://github.com/daleharvey/pouchdb",
  "_release": "2.2.2",
  "_resolution": {
    "type": "version",
    "tag": "2.2.2",
    "commit": "446952338e916b26009c2e06a56e0b95c92875c3"
  },
  "_source": "git://github.com/daleharvey/pouchdb.git",
  "_target": "~2.2.2",
  "_originalSource": "pouchdb",
  "_direct": true
}